{
  "prepare_queue": {
    "installed": [],
    "uninstalled": []
  },
  "config_munge": {
    "files": {
      "config.xml": {
        "parents": {
          "/*": [
            {
              "xml": "<feature name=\"Device\"><param name=\"browser-package\" value=\"Device\" /></feature>",
              "count": 1
            }
          ]
        }
      }
    }
  },
  "installed_plugins": {
    "cordova-plugin-contacts": {
      "PACKAGE_NAME": "com.pabbu.contacts"
    },
    "cordova-plugin-device": {
      "PACKAGE_NAME": "com.pabbu.contacts"
    },
    "cordova-plugin-ionic-keyboard": {
      "PACKAGE_NAME": "com.pabbu.contacts"
    },
    "cordova-plugin-ionic-webview": {
      "PACKAGE_NAME": "com.pabbu.contacts"
    },
    "cordova-plugin-splashscreen": {
      "PACKAGE_NAME": "com.pabbu.contacts"
    },
    "cordova-plugin-statusbar": {
      "PACKAGE_NAME": "com.pabbu.contacts"
    },
    "cordova-plugin-whitelist": {
      "PACKAGE_NAME": "com.pabbu.contacts"
    },
    "mx.ferreyra.callnumber": {
      "PACKAGE_NAME": "com.pabbu.contacts"
    },
    "cordova-sqlite-storage": {
      "PACKAGE_NAME": "com.pabbu.contacts"
    }
  },
  "dependent_plugins": {},
  "modules": [
    {
      "file": "plugins/cordova-plugin-contacts/www/contacts.js",
      "id": "cordova-plugin-contacts.contacts",
      "pluginId": "cordova-plugin-contacts",
      "clobbers": [
        "navigator.contacts"
      ]
    },
    {
      "file": "plugins/cordova-plugin-contacts/www/Contact.js",
      "id": "cordova-plugin-contacts.Contact",
      "pluginId": "cordova-plugin-contacts",
      "clobbers": [
        "Contact"
      ]
    },
    {
      "file": "plugins/cordova-plugin-contacts/www/convertUtils.js",
      "id": "cordova-plugin-contacts.convertUtils",
      "pluginId": "cordova-plugin-contacts"
    },
    {
      "file": "plugins/cordova-plugin-contacts/www/ContactAddress.js",
      "id": "cordova-plugin-contacts.ContactAddress",
      "pluginId": "cordova-plugin-contacts",
      "clobbers": [
        "ContactAddress"
      ]
    },
    {
      "file": "plugins/cordova-plugin-contacts/www/ContactError.js",
      "id": "cordova-plugin-contacts.ContactError",
      "pluginId": "cordova-plugin-contacts",
      "clobbers": [
        "ContactError"
      ]
    },
    {
      "file": "plugins/cordova-plugin-contacts/www/ContactField.js",
      "id": "cordova-plugin-contacts.ContactField",
      "pluginId": "cordova-plugin-contacts",
      "clobbers": [
        "ContactField"
      ]
    },
    {
      "file": "plugins/cordova-plugin-contacts/www/ContactFindOptions.js",
      "id": "cordova-plugin-contacts.ContactFindOptions",
      "pluginId": "cordova-plugin-contacts",
      "clobbers": [
        "ContactFindOptions"
      ]
    },
    {
      "file": "plugins/cordova-plugin-contacts/www/ContactName.js",
      "id": "cordova-plugin-contacts.ContactName",
      "pluginId": "cordova-plugin-contacts",
      "clobbers": [
        "ContactName"
      ]
    },
    {
      "file": "plugins/cordova-plugin-contacts/www/ContactOrganization.js",
      "id": "cordova-plugin-contacts.ContactOrganization",
      "pluginId": "cordova-plugin-contacts",
      "clobbers": [
        "ContactOrganization"
      ]
    },
    {
      "file": "plugins/cordova-plugin-contacts/www/ContactFieldType.js",
      "id": "cordova-plugin-contacts.ContactFieldType",
      "pluginId": "cordova-plugin-contacts",
      "merges": [
        ""
      ]
    },
    {
      "file": "plugins/cordova-plugin-contacts/src/browser/ContactsProxy.js",
      "id": "cordova-plugin-contacts.ContactsProxy",
      "pluginId": "cordova-plugin-contacts",
      "merges": [
        "navigator.contacts"
      ]
    },
    {
      "file": "plugins/cordova-plugin-device/www/device.js",
      "id": "cordova-plugin-device.device",
      "pluginId": "cordova-plugin-device",
      "clobbers": [
        "device"
      ]
    },
    {
      "file": "plugins/cordova-plugin-device/src/browser/DeviceProxy.js",
      "id": "cordova-plugin-device.DeviceProxy",
      "pluginId": "cordova-plugin-device",
      "runs": true
    },
    {
      "file": "plugins/cordova-plugin-ionic-webview/src/www/util.js",
      "id": "cordova-plugin-ionic-webview.IonicWebView",
      "pluginId": "cordova-plugin-ionic-webview",
      "clobbers": [
        "Ionic.WebView"
      ]
    },
    {
      "file": "plugins/cordova-plugin-splashscreen/www/splashscreen.js",
      "id": "cordova-plugin-splashscreen.SplashScreen",
      "pluginId": "cordova-plugin-splashscreen",
      "clobbers": [
        "navigator.splashscreen"
      ]
    },
    {
      "file": "plugins/cordova-plugin-splashscreen/src/browser/SplashScreenProxy.js",
      "id": "cordova-plugin-splashscreen.SplashScreenProxy",
      "pluginId": "cordova-plugin-splashscreen",
      "runs": true
    },
    {
      "file": "plugins/cordova-plugin-statusbar/www/statusbar.js",
      "id": "cordova-plugin-statusbar.statusbar",
      "pluginId": "cordova-plugin-statusbar",
      "clobbers": [
        "window.StatusBar"
      ]
    },
    {
      "file": "plugins/cordova-plugin-statusbar/src/browser/StatusBarProxy.js",
      "id": "cordova-plugin-statusbar.StatusBarProxy",
      "pluginId": "cordova-plugin-statusbar",
      "runs": true
    },
    {
      "file": "plugins/mx.ferreyra.callnumber/www/CallNumber.js",
      "id": "mx.ferreyra.callnumber.CallNumber",
      "pluginId": "mx.ferreyra.callnumber",
      "clobbers": [
        "call"
      ]
    },
    {
      "file": "plugins/cordova-sqlite-storage/www/SQLitePlugin.js",
      "id": "cordova-sqlite-storage.SQLitePlugin",
      "pluginId": "cordova-sqlite-storage",
      "clobbers": [
        "SQLitePlugin"
      ]
    }
  ],
  "plugin_metadata": {
    "cordova-plugin-contacts": "3.0.1",
    "cordova-plugin-device": "2.0.2",
    "cordova-plugin-ionic-keyboard": "2.1.3",
    "cordova-plugin-ionic-webview": "4.0.1",
    "cordova-plugin-splashscreen": "5.0.2",
    "cordova-plugin-statusbar": "2.4.2",
    "cordova-plugin-whitelist": "1.3.3",
    "mx.ferreyra.callnumber": "0.0.2",
    "cordova-sqlite-storage": "3.2.0"
  }
}
